epoch,time,train/box_loss,train/cls_loss,train/dfl_loss,metrics/precision(B),metrics/recall(B),metrics/mAP50(B),metrics/mAP50-95(B),val/box_loss,val/cls_loss,val/dfl_loss,lr/pg0,lr/pg1,lr/pg2
1,20.3745,0.91106,3.62734,0.0135,0.00887,1,0.41069,0.32315,0.71118,3.41377,0.00909,0.00038583,0.00038583,0.00038583
2,24.256,0.87818,2.54894,0.01231,0.28217,0.89474,0.60731,0.47675,0.74824,2.46985,0.00898,0.000780763,0.000780763,0.000780763
3,27.9155,0.93472,2.06307,0.01362,0.68558,0.57411,0.80758,0.60405,0.81787,2.02998,0.0108,0.00117041,0.00117041,0.00117041
4,31.3648,0.98611,1.8748,0.0137,0.92942,0.69361,0.93368,0.74294,0.86325,1.70078,0.01131,0.00140071,0.00140071,0.00140071
5,34.8813,0.96103,1.61783,0.0136,0.91977,0.89474,0.95294,0.77679,0.79914,1.05665,0.01013,0.00139127,0.00139127,0.00139127
6,38.4589,0.88044,1.36442,0.01246,1,0.87936,0.9813,0.795,0.76465,0.71611,0.01012,0.00138184,0.00138184,0.00138184
7,41.8451,0.91169,1.22216,0.01289,0.99215,0.89474,0.97916,0.78458,0.86172,0.53638,0.01107,0.00137241,0.00137241,0.00137241
8,45.1864,0.88035,1.12122,0.01316,0.93391,0.84211,0.95951,0.663,1.10796,0.62638,0.01455,0.00136298,0.00136298,0.00136298
9,48.5866,0.94539,1.0834,0.01407,0.8965,0.94737,0.96074,0.71583,0.98723,0.60727,0.01302,0.00135355,0.00135355,0.00135355
10,51.9596,0.95825,0.97415,0.01389,1,0.78771,0.94281,0.75793,0.82344,0.52391,0.01063,0.00134412,0.00134412,0.00134412
11,55.301,0.85964,0.92124,0.01297,0.94075,0.83597,0.94209,0.74922,0.83176,0.56434,0.01082,0.00133469,0.00133469,0.00133469
12,58.6795,0.82188,0.85526,0.01234,0.99439,1,0.995,0.78567,0.84455,0.3265,0.01166,0.00132525,0.00132525,0.00132525
13,62.1369,0.82284,0.83055,0.01222,0.99047,0.94737,0.99024,0.77375,0.84268,0.37431,0.01119,0.00131582,0.00131582,0.00131582
14,65.5008,0.84475,0.74572,0.01219,0.94484,0.90182,0.98555,0.78036,0.81358,0.42132,0.01056,0.00130639,0.00130639,0.00130639
15,68.9589,0.78928,0.74782,0.01181,0.87279,0.89474,0.96341,0.76414,0.8488,0.49692,0.01099,0.00129696,0.00129696,0.00129696
16,72.3751,0.79961,0.73073,0.01153,1,0.94088,0.9863,0.7727,0.8832,0.37698,0.01139,0.00128753,0.00128753,0.00128753
17,75.7861,0.85603,0.71067,0.01223,0.9493,0.98606,0.99,0.73637,0.98164,0.44125,0.01248,0.0012781,0.0012781,0.0012781
18,79.2437,0.82468,0.6481,0.01205,1,0.89443,0.9497,0.76337,0.8125,0.57216,0.0106,0.00126867,0.00126867,0.00126867
19,82.6586,0.84869,0.65299,0.01206,1,0.95992,0.995,0.803,0.81144,0.37772,0.01073,0.00125923,0.00125923,0.00125923
20,86.1708,0.81283,0.62428,0.01124,0.90114,0.95996,0.97919,0.79868,0.77418,0.41104,0.01063,0.0012498,0.0012498,0.0012498
21,89.5589,0.8073,0.62008,0.01238,0.98571,0.94737,0.98818,0.80555,0.70727,0.40415,0.00908,0.00124037,0.00124037,0.00124037
22,92.9887,0.77761,0.59388,0.0114,0.94375,0.88352,0.97466,0.81223,0.71199,0.40565,0.00925,0.00123094,0.00123094,0.00123094
23,96.433,0.75573,0.5792,0.01071,1,0.93301,0.97667,0.71945,0.95444,0.51939,0.01269,0.00122151,0.00122151,0.00122151
24,99.8603,0.7433,0.5491,0.01058,0.93101,0.89474,0.95028,0.77884,0.81774,0.44112,0.01111,0.00121208,0.00121208,0.00121208
25,103.301,0.73194,0.56424,0.01106,0.93358,0.84211,0.95566,0.81825,0.70375,0.47188,0.00909,0.00120265,0.00120265,0.00120265
26,106.77,0.76578,0.52061,0.01135,1,0.93451,0.98818,0.78522,0.80865,0.40739,0.01053,0.00119322,0.00119322,0.00119322
27,110.204,0.75508,0.49887,0.01106,0.97238,0.94737,0.9925,0.78759,0.82863,0.38591,0.01063,0.00118378,0.00118378,0.00118378
28,113.641,0.745,0.48912,0.01079,0.99112,0.94737,0.99024,0.80961,0.81954,0.31577,0.01096,0.00117435,0.00117435,0.00117435
29,117.034,0.81712,0.51161,0.01188,0.81919,1,0.97202,0.76587,0.83467,0.42246,0.01027,0.00116492,0.00116492,0.00116492
30,120.53,0.75344,0.48355,0.01095,0.93422,1,0.99,0.83514,0.70553,0.30165,0.00922,0.00115549,0.00115549,0.00115549
31,123.947,0.7174,0.45695,0.01017,0.99553,0.94737,0.98818,0.82726,0.70018,0.29885,0.00858,0.00114606,0.00114606,0.00114606
32,127.357,0.72827,0.47496,0.01026,0.98666,1,0.995,0.81769,0.77298,0.25528,0.00963,0.00113663,0.00113663,0.00113663
33,130.786,0.76879,0.46926,0.01073,0.9683,0.94737,0.9863,0.80052,0.79869,0.33943,0.01098,0.0011272,0.0011272,0.0011272
34,134.209,0.74087,0.4334,0.01109,0.81587,1,0.97037,0.79942,0.77768,0.38045,0.01017,0.00111776,0.00111776,0.00111776
35,137.745,0.72686,0.45686,0.0104,0.99453,1,0.995,0.84888,0.67273,0.21051,0.00866,0.00110833,0.00110833,0.00110833
36,141.173,0.69702,0.40507,0.00973,1,0.99809,0.995,0.84738,0.67058,0.25547,0.00808,0.0010989,0.0010989,0.0010989
37,144.692,0.68122,0.41069,0.01017,0.93216,1,0.99,0.83966,0.68396,0.28065,0.00872,0.00108947,0.00108947,0.00108947
38,148.096,0.68951,0.40037,0.00986,1,0.82069,0.97218,0.82213,0.69163,0.44081,0.00865,0.00108004,0.00108004,0.00108004
39,151.437,0.69481,0.42375,0.01009,0.99519,1,0.995,0.76809,0.90513,0.27447,0.01181,0.00107061,0.00107061,0.00107061
40,154.904,0.67718,0.39691,0.00967,0.94301,1,0.9925,0.79779,0.79368,0.26143,0.01027,0.00106118,0.00106118,0.00106118
41,158.293,0.69466,0.39643,0.00957,0.94962,0.99244,0.9925,0.82674,0.75964,0.2743,0.0102,0.00105174,0.00105174,0.00105174
42,161.659,0.66862,0.40535,0.00941,0.94979,0.99578,0.9925,0.82208,0.75831,0.26061,0.01046,0.00104231,0.00104231,0.00104231
43,165.058,0.67171,0.39197,0.00975,0.99631,1,0.995,0.83716,0.69683,0.22328,0.0088,0.00103288,0.00103288,0.00103288
44,168.416,0.67206,0.38028,0.00969,0.99299,1,0.995,0.80457,0.789,0.29787,0.00999,0.00102345,0.00102345,0.00102345
45,171.877,0.67012,0.40571,0.00953,0.9914,1,0.995,0.84536,0.66644,0.22278,0.00874,0.00101402,0.00101402,0.00101402
46,175.237,0.69651,0.38938,0.00989,0.93917,0.94737,0.98761,0.79591,0.82617,0.3133,0.01079,0.00100459,0.00100459,0.00100459
47,178.654,0.68499,0.36923,0.01024,0.94154,0.94737,0.98761,0.8119,0.69541,0.35518,0.00867,0.000995156,0.000995156,0.000995156
48,182.162,0.70155,0.37969,0.01015,1,0.94425,0.9925,0.84082,0.69682,0.27019,0.00885,0.000985724,0.000985724,0.000985724
49,185.571,0.70049,0.38182,0.01006,0.9924,0.89474,0.98548,0.82121,0.70481,0.31212,0.00934,0.000976293,0.000976293,0.000976293
50,189.055,0.64687,0.34652,0.00912,0.99587,1,0.995,0.83627,0.70723,0.27887,0.00891,0.000966861,0.000966861,0.000966861
51,192.43,0.65694,0.37179,0.00987,1,0.93892,0.99024,0.80261,0.77441,0.36223,0.0096,0.00095743,0.00095743,0.00095743
52,195.864,0.65582,0.36387,0.0092,0.99643,0.94737,0.99024,0.80561,0.73268,0.29659,0.00884,0.000947999,0.000947999,0.000947999
53,199.262,0.62379,0.35552,0.00872,0.99619,0.94737,0.99024,0.80845,0.84789,0.28806,0.011,0.000938567,0.000938567,0.000938567
54,202.7,0.63923,0.33153,0.00928,0.94732,0.94651,0.98761,0.79698,0.83945,0.34581,0.01189,0.000929136,0.000929136,0.000929136
55,206.133,0.63089,0.34743,0.00917,0.94968,0.99353,0.9925,0.81533,0.68642,0.38396,0.00882,0.000919704,0.000919704,0.000919704
56,209.548,0.6262,0.3239,0.00865,0.98467,0.94737,0.98458,0.8346,0.73359,0.30114,0.0094,0.000910273,0.000910273,0.000910273
57,213.017,0.64852,0.36188,0.00955,1,0.9404,0.99024,0.84025,0.71132,0.34164,0.00896,0.000900842,0.000900842,0.000900842
58,216.458,0.6426,0.34777,0.00913,0.99187,0.94737,0.99024,0.83026,0.77283,0.30376,0.00959,0.00089141,0.00089141,0.00089141
59,219.837,0.61905,0.33069,0.00916,0.94711,1,0.9925,0.8271,0.71218,0.29455,0.00905,0.000881979,0.000881979,0.000881979
60,223.321,0.64701,0.35478,0.00917,1,0.94017,0.99024,0.84313,0.66315,0.25624,0.00848,0.000872547,0.000872547,0.000872547
61,226.74,0.61572,0.30937,0.00922,1,0.94734,0.9925,0.83383,0.74928,0.25606,0.00929,0.000863116,0.000863116,0.000863116
62,230.159,0.60283,0.32182,0.00883,0.99134,1,0.995,0.85164,0.68425,0.23328,0.00871,0.000853685,0.000853685,0.000853685
63,233.573,0.65768,0.35026,0.00942,0.99797,1,0.995,0.83047,0.72959,0.2071,0.0088,0.000844253,0.000844253,0.000844253
64,236.983,0.65549,0.3196,0.00985,0.99724,1,0.995,0.86434,0.70616,0.18035,0.00845,0.000834822,0.000834822,0.000834822
65,240.485,0.63648,0.30626,0.00929,0.99696,1,0.995,0.83784,0.77679,0.20451,0.00925,0.00082539,0.00082539,0.00082539
66,243.913,0.61529,0.30567,0.00888,1,0.99409,0.995,0.80035,0.8128,0.25385,0.01009,0.000815959,0.000815959,0.000815959
67,247.389,0.60532,0.29666,0.00903,1,0.99885,0.995,0.8185,0.77867,0.22145,0.00956,0.000806528,0.000806528,0.000806528
68,250.77,0.60018,0.31234,0.00833,0.9951,1,0.995,0.82228,0.72509,0.21188,0.0089,0.000797096,0.000797096,0.000797096
69,254.212,0.60111,0.29017,0.00843,0.99687,1,0.995,0.82606,0.78684,0.20284,0.00951,0.000787665,0.000787665,0.000787665
70,257.689,0.61841,0.2915,0.00893,1,0.99765,0.995,0.8503,0.69858,0.2102,0.00859,0.000778233,0.000778233,0.000778233
71,261.187,0.6144,0.31155,0.00877,0.99749,1,0.995,0.85009,0.674,0.18244,0.00864,0.000768802,0.000768802,0.000768802
72,264.641,0.60577,0.30102,0.00852,0.99664,1,0.995,0.8561,0.67481,0.18457,0.00845,0.000759371,0.000759371,0.000759371
73,268.049,0.60239,0.30936,0.00858,0.98861,1,0.995,0.84231,0.68682,0.2259,0.00862,0.000749939,0.000749939,0.000749939
74,271.502,0.59536,0.29677,0.00838,0.99716,1,0.995,0.85604,0.67655,0.18852,0.00842,0.000740508,0.000740508,0.000740508
75,274.946,0.62721,0.3118,0.00898,0.9968,1,0.995,0.85543,0.68648,0.20379,0.00861,0.000731076,0.000731076,0.000731076
76,278.347,0.60197,0.31062,0.00809,1,0.99316,0.995,0.84875,0.68052,0.21689,0.00856,0.000721645,0.000721645,0.000721645
77,281.733,0.58563,0.28638,0.00765,1,0.99538,0.995,0.82277,0.71503,0.25527,0.00916,0.000712214,0.000712214,0.000712214
78,285.145,0.60421,0.30467,0.00851,0.99587,1,0.995,0.81732,0.73683,0.22506,0.00962,0.000702782,0.000702782,0.000702782
79,288.587,0.5875,0.29641,0.008,0.99717,1,0.995,0.85079,0.68687,0.20341,0.009,0.000693351,0.000693351,0.000693351
80,292.026,0.59212,0.29253,0.00795,0.94408,1,0.9925,0.85807,0.67749,0.26921,0.00891,0.000683919,0.000683919,0.000683919
81,295.433,0.59908,0.2986,0.00864,1,0.99781,0.995,0.87712,0.66984,0.19195,0.00884,0.000674488,0.000674488,0.000674488
82,298.897,0.55849,0.28611,0.00797,0.99682,1,0.995,0.87428,0.68272,0.20108,0.00903,0.000665057,0.000665057,0.000665057
83,302.365,0.57647,0.29369,0.00819,0.99648,1,0.995,0.84229,0.68156,0.19024,0.00895,0.000655625,0.000655625,0.000655625
84,305.799,0.5693,0.27374,0.00792,0.99089,1,0.995,0.85484,0.66345,0.2283,0.00842,0.000646194,0.000646194,0.000646194
85,309.333,0.58395,0.30264,0.00805,0.99196,0.94737,0.99024,0.84152,0.67723,0.26177,0.0082,0.000636762,0.000636762,0.000636762
86,312.727,0.54588,0.26996,0.00728,0.99722,1,0.995,0.85824,0.65446,0.19489,0.00812,0.000627331,0.000627331,0.000627331
87,316.153,0.55574,0.28937,0.00776,0.99738,1,0.995,0.81866,0.77814,0.21547,0.00928,0.0006179,0.0006179,0.0006179
88,319.573,0.56657,0.25969,0.0077,1,0.99638,0.995,0.86435,0.64369,0.21633,0.00804,0.000608468,0.000608468,0.000608468
89,323.035,0.58649,0.28199,0.00803,0.94569,1,0.9925,0.86869,0.63255,0.20769,0.00775,0.000599037,0.000599037,0.000599037
90,326.533,0.57191,0.27476,0.008,0.99297,1,0.995,0.88244,0.65265,0.20078,0.0081,0.000589605,0.000589605,0.000589605
91,329.951,0.54456,0.24841,0.00805,0.99847,1,0.995,0.88385,0.63483,0.21939,0.00773,0.000580174,0.000580174,0.000580174
92,333.395,0.57134,0.26914,0.00766,1,0.94409,0.9925,0.87203,0.64849,0.22542,0.00806,0.000570743,0.000570743,0.000570743
93,336.856,0.59217,0.28597,0.0079,1,0.99155,0.995,0.87762,0.6395,0.19936,0.00788,0.000561311,0.000561311,0.000561311
94,340.351,0.57317,0.27063,0.00801,0.99737,1,0.995,0.87581,0.63816,0.1829,0.00798,0.00055188,0.00055188,0.00055188
95,343.781,0.5615,0.25213,0.00776,0.99821,1,0.995,0.8488,0.69442,0.19071,0.00842,0.000542448,0.000542448,0.000542448
96,347.225,0.54495,0.25524,0.00758,0.99704,1,0.995,0.85519,0.73376,0.19147,0.00921,0.000533017,0.000533017,0.000533017
97,350.667,0.54103,0.23885,0.00781,0.98896,1,0.995,0.84905,0.69293,0.23717,0.0085,0.000523586,0.000523586,0.000523586
98,354.108,0.54724,0.25081,0.00746,0.9967,1,0.995,0.86897,0.65265,0.17829,0.00808,0.000514154,0.000514154,0.000514154
99,357.504,0.50789,0.2428,0.00673,1,0.99361,0.995,0.86549,0.65707,0.20775,0.00796,0.000504723,0.000504723,0.000504723
100,360.959,0.52104,0.23784,0.00729,1,0.98332,0.995,0.87254,0.63286,0.20193,0.0077,0.000495291,0.000495291,0.000495291
101,364.362,0.54247,0.25701,0.00748,0.99949,1,0.995,0.8738,0.66064,0.22149,0.00815,0.00048586,0.00048586,0.00048586
102,367.78,0.56668,0.26888,0.00796,1,0.9994,0.995,0.84061,0.70653,0.21399,0.00868,0.000476429,0.000476429,0.000476429
103,371.183,0.5197,0.2598,0.00693,0.99732,1,0.995,0.84069,0.67692,0.19183,0.00817,0.000466997,0.000466997,0.000466997
104,374.566,0.531,0.23459,0.00728,0.99924,1,0.995,0.83957,0.68317,0.21336,0.00848,0.000457566,0.000457566,0.000457566
105,378.017,0.55106,0.26092,0.00739,0.9978,1,0.995,0.8513,0.68513,0.18741,0.00843,0.000448134,0.000448134,0.000448134
106,381.379,0.53564,0.25656,0.00704,0.99721,1,0.995,0.87555,0.6673,0.17339,0.00824,0.000438703,0.000438703,0.000438703
107,384.774,0.50927,0.24865,0.00691,0.94457,1,0.9925,0.86129,0.70482,0.21752,0.00893,0.000429272,0.000429272,0.000429272
108,388.155,0.53953,0.25622,0.00751,0.99627,0.94737,0.99024,0.85828,0.71848,0.23936,0.00927,0.00041984,0.00041984,0.00041984
109,391.518,0.52007,0.23788,0.00718,1,0.98542,0.995,0.86436,0.66959,0.21683,0.00821,0.000410409,0.000410409,0.000410409
110,394.917,0.53997,0.26417,0.00722,0.99642,0.94737,0.99024,0.83659,0.68294,0.23678,0.00855,0.000400977,0.000400977,0.000400977
111,398.283,0.51317,0.25184,0.00727,0.99099,0.94737,0.99024,0.83225,0.71022,0.29216,0.00889,0.000391546,0.000391546,0.000391546
112,401.669,0.51148,0.2476,0.00686,0.99078,0.94737,0.99024,0.83818,0.70346,0.3053,0.00908,0.000382115,0.000382115,0.000382115
113,405.04,0.51995,0.24409,0.00724,1,0.94692,0.9925,0.8485,0.70381,0.2275,0.00903,0.000372683,0.000372683,0.000372683
114,408.46,0.50366,0.24535,0.00716,1,0.99458,0.995,0.86178,0.65755,0.2312,0.00846,0.000363252,0.000363252,0.000363252
115,411.918,0.50433,0.22144,0.00666,0.9994,1,0.995,0.86282,0.68595,0.19885,0.00885,0.00035382,0.00035382,0.00035382
116,415.267,0.51796,0.25133,0.0071,1,0.9439,0.99024,0.85019,0.67798,0.27797,0.00882,0.000344389,0.000344389,0.000344389
117,418.657,0.52404,0.23834,0.0069,0.99074,0.94737,0.99024,0.8554,0.64565,0.25623,0.00821,0.000334958,0.000334958,0.000334958
118,422.079,0.49348,0.22343,0.00682,1,0.94238,0.9925,0.86078,0.65728,0.25859,0.00818,0.000325526,0.000325526,0.000325526
119,425.491,0.50413,0.23518,0.00685,0.94837,1,0.9925,0.87158,0.63446,0.21952,0.00792,0.000316095,0.000316095,0.000316095
120,428.957,0.50284,0.24714,0.00671,1,0.99701,0.995,0.8626,0.66377,0.20458,0.00839,0.000306663,0.000306663,0.000306663
121,432.342,0.50626,0.23949,0.007,0.9939,0.94737,0.9925,0.86072,0.66674,0.22422,0.00829,0.000297232,0.000297232,0.000297232
122,435.733,0.49257,0.22083,0.0067,0.98988,0.94737,0.99024,0.84645,0.67089,0.26884,0.00851,0.000287801,0.000287801,0.000287801
123,439.179,0.4855,0.25046,0.00657,1,0.9465,0.99024,0.85804,0.66188,0.2708,0.00828,0.000278369,0.000278369,0.000278369
124,442.619,0.49187,0.23772,0.00675,0.99604,0.94737,0.9925,0.86065,0.68208,0.21465,0.00887,0.000268938,0.000268938,0.000268938
125,446.115,0.48328,0.21474,0.00617,1,0.9971,0.995,0.86228,0.63946,0.22073,0.00798,0.000259506,0.000259506,0.000259506
126,449.512,0.48746,0.22318,0.00658,1,0.99707,0.995,0.84823,0.66563,0.2556,0.00816,0.000250075,0.000250075,0.000250075
127,452.902,0.50693,0.22925,0.00691,1,0.99686,0.995,0.8418,0.66346,0.2526,0.00826,0.000240644,0.000240644,0.000240644
128,456.33,0.4943,0.24248,0.00657,0.99598,0.94737,0.9925,0.83959,0.69072,0.22177,0.00865,0.000231212,0.000231212,0.000231212
129,459.729,0.48412,0.23835,0.00645,0.99736,0.94737,0.9925,0.86585,0.64425,0.2302,0.00795,0.000221781,0.000221781,0.000221781
130,463.215,0.51264,0.2357,0.00663,0.99767,0.94737,0.99024,0.84302,0.6733,0.2695,0.00837,0.000212349,0.000212349,0.000212349
131,466.602,0.46091,0.20649,0.00635,0.99925,0.94737,0.99024,0.85936,0.65488,0.276,0.00824,0.000202918,0.000202918,0.000202918
132,469.989,0.47127,0.23598,0.0064,1,0.94189,0.98818,0.85705,0.64725,0.30016,0.00802,0.000193487,0.000193487,0.000193487
133,473.392,0.48819,0.21979,0.00697,1,0.99714,0.995,0.84182,0.69995,0.21679,0.00898,0.000184055,0.000184055,0.000184055
134,476.834,0.47874,0.23472,0.00627,1,0.93987,0.9925,0.86762,0.62962,0.25239,0.00781,0.000174624,0.000174624,0.000174624
135,480.335,0.48161,0.22655,0.00652,0.94974,0.99489,0.9925,0.86461,0.65569,0.25427,0.00818,0.000165192,0.000165192,0.000165192
136,483.742,0.48,0.23236,0.00641,0.99223,1,0.995,0.86851,0.6558,0.23847,0.0081,0.000155761,0.000155761,0.000155761
137,487.181,0.47074,0.22054,0.00636,0.99418,1,0.995,0.8699,0.64143,0.20183,0.0079,0.00014633,0.00014633,0.00014633
138,490.684,0.49441,0.23418,0.00683,0.99544,1,0.995,0.84571,0.66715,0.19221,0.00833,0.000136898,0.000136898,0.000136898
139,494.119,0.46423,0.22736,0.00591,0.99683,1,0.995,0.86182,0.65374,0.17797,0.00811,0.000127467,0.000127467,0.000127467
140,497.699,0.49921,0.23312,0.00677,0.9969,1,0.995,0.85909,0.66634,0.18148,0.00817,0.000118035,0.000118035,0.000118035
141,529.221,0.36083,0.14169,0.00577,0.99754,1,0.995,0.85243,0.65647,0.18156,0.00816,0.000108604,0.000108604,0.000108604
142,532.77,0.36265,0.15059,0.00554,0.99804,1,0.995,0.849,0.66468,0.18368,0.00825,9.91726e-05,9.91726e-05,9.91726e-05
143,536.604,0.37104,0.15804,0.00557,0.9982,1,0.995,0.8481,0.66696,0.18545,0.00828,8.97412e-05,8.97412e-05,8.97412e-05
144,540.148,0.36698,0.14598,0.00566,0.99827,1,0.995,0.85553,0.66117,0.1853,0.00825,8.03098e-05,8.03098e-05,8.03098e-05
145,543.652,0.36775,0.14809,0.00565,0.99825,1,0.995,0.85731,0.66533,0.18609,0.00831,7.08784e-05,7.08784e-05,7.08784e-05
146,547.132,0.35905,0.14282,0.00545,0.99811,1,0.995,0.85886,0.66252,0.18523,0.00824,6.1447e-05,6.1447e-05,6.1447e-05
147,550.574,0.36036,0.14355,0.00558,0.99872,1,0.995,0.85438,0.66258,0.18714,0.00826,5.20156e-05,5.20156e-05,5.20156e-05
148,554.145,0.37241,0.15585,0.00567,0.99875,1,0.995,0.85655,0.65927,0.18623,0.00819,4.25842e-05,4.25842e-05,4.25842e-05
149,557.73,0.36083,0.14418,0.00544,0.99805,1,0.995,0.85833,0.65066,0.17992,0.00812,3.31528e-05,3.31528e-05,3.31528e-05
150,561.356,0.35536,0.15336,0.00546,0.99791,1,0.995,0.85816,0.6562,0.17983,0.00817,2.37214e-05,2.37214e-05,2.37214e-05
